Email ,Message,Agreement_Name (HIGHLY RECOMMEND UNIQUE IDENTIFIABLE NAMES),CC List ( WHO GETS SIGNED COPY?),Reminder Freq ( DAILY OR WEEKLY),Expires ( IN DAYS),Identifier,MergeField1,address,Custom Field 5,Phone,MergeField5,MergeField6,MergeField7,MergeField8,MergeField9,MergeField10,MergeField11,MergeField12,MergeField13,MergeField14
example@example.com,"Hello, Please sign this lease agreement.",Lease #11202,example@example.com,DAILY,4,"""test2""","""test76""",123 4th ave Apt 12,MergeValue3,555-555-5555,MergeValue5,MergeValue6,MergeValue7,MergeValue8,MergeValue9,MergeValue10,MergeValue11,MergeValue12,MergeValue13,MergeValue14
"example@example.com,example2@example.com","Hello, Please sign this lease agreement.",Lease #11203,,WEEKLY,27,test19,MergeValue1,456 main st,MergeValue3,MergeValue4,MergeValue5,MergeValue6,MergeValue7,MergeValue8,MergeValue9,MergeValue10,MergeValue11,MergeValue12,MergeValue13,MergeValue14
"example@example.com,(example2@example.com,example3@example.com)","Hello, Please sign this lease agreement.",Lease #11204,,EVERY_OTHER_DAY,,,MergeValue1,789 broadway blvd,MergeValue3,MergeValue4,MergeValue5,MergeValue6,MergeValue7,MergeValue8,MergeValue9,MergeValue10,MergeValue11,MergeValue12,MergeValue13,MergeValue14
example@example.com[2],,,,EVERY_THIRD_DAY,,,MergeValue1,1011 1st st,MergeValue3,MergeValue4,MergeValue5,MergeValue6,MergeValue7,MergeValue8,MergeValue9,MergeValue10,MergeValue11,MergeValue12,MergeValue13,MergeValue14
example@example.com{password},,,,EVERY_FIFTH_DAY,,,,,,,,,,,,,,,,
